Effective against Red enemies.|＠|||
Effective against Floating enemies.|＠|||
Effective against Black enemies.|＠|||
Effective against Metal enemies.|＠|||
Effective against Angel enemies.|＠|||
Effective against Alien enemies.|＠|||
【Weaken】|Indicated enemy types will have their|attack power reduced for a set period.|＠||
【Strengthen】|After this unit's health falls below a set|amount, it's attacks grow much stronger.|＠||
【Freeze】|Indicated enemy types will become unable to|move for a set amount of time.|＠||
【Slow】|Indicated enemy types will have their speed|reduced for a set amount of time.|＠||
【Survive】|After this unit's health falls below zero,|it may heal itself by a small amount.|＠||
【Base Destroyer】|If this unit is attacking an enemy Base,|its attacks will do much more damage.|＠||
【Critical】|Attacks by this unit have a set chance of|extra damage that can hurt Metal enemies.|＠||
【Attacks Only】|Attacks by this unit will only cause damage|to a specific type of enemy target.|＠||
【Strong Against】|Indicated enemy types will take extra damage,|with damage received from that type also reduced.|＠||
【Resistant】|Damage received from indicated enemy|types will be reduced significantly.|＠||
【Extra Money】|Money rewards from defeating indicated|enemy types will be increased.|＠||
【Massive Damage】|Indicated enemy types will take much|more damage from unit attacks.|＠||
【Knockback】|Unit has a set chance to push indicated|enemy types back towards their base.|＠||
【Wave Attack】|Attacks will strike all enemies in range, delivering|extra damage from the energy wave released.|＠||
【Metal】|Damage from most attacks is reduced significantly,|but the unit will remain vulnerable to Critical strikes.|＠||
【Unharmed by Waves】|This unit does not take damage from Wave attacks.|＠|||
【Area Attack】|All units within the unit's set attack field|will take damage from its strikes.|＠||
【Long Distance】|Units at long distance will receive damage, but|attacks may miss units at closer range.|＠||
【Resist Weaken】|Enemy attacks will not weaken|the attacks of this unit.|＠||
【Resist Freeze】|Enemy attacks will not freeze|the movement of this unit.|＠||
【Resist Slow】|Enemy attacks will not cause|slowdown against this unit.|＠||
【Resist Knockback】|Enemy attacks will not cause|this unit to be knocked back.|＠||
【Single Attack】|Only one enemy within range|will be hit by this Unit's attacks.|＠||
